{"IcoMoonType":"selection","icons":[{"icon":{"paths":["M384 512c-212 0-384 172-384 384 0 70.752 57.248 128 128 128h512c70.752 0 128-57.248 128-128 0-212-172-384-384-384zM192 192c0-106.039 85.961-192 192-192s192 85.961 192 192c0 106.039-85.961 192-192 192s-192-85.961-192-192z"],"attrs":[{}],"width":768,"isMulticolor":false,"isMulticolor2":false,"tags":["user","profile","account","avatar"],"grid":16},"attrs":[{}],"properties":{"order":1,"id":0,"prevSize":32,"code":59648,"name":"user1"},"setIdx":0,"setId":2,"iconIdx":0}],"height":1024,"metadata":{"name":"icomoon"},"preferences":{"showGlyphs":true,"showQuickUse":true,"showQuickUse2":true,"showSVGs":true,"fontPref":{"prefix":"icon-","metadata":{"fontFamily":"icomoon"},"metrics":{"emSize":1024,"baseline":6.25,"whitespace":50},"embed":false},"imagePref":{"prefix":"icon-","png":true,"useClassSelector":true,"color":0,"bgColor":16777215,"classSelector":".icon"},"historySize":50,"showCodes":true,"gridSize":16}}